Name,Canton,Population
Zurich,Zurich,434008
Geneva,Geneve,201818
Basel,Basel-Stadt,177595
Lausanne,Vaud,138905
Bern,Bern,133798
Winterthur,Zurich,109775
Lucerne,Luzern,81691
Sankt Gallen,Sankt Gallen,75833
Lugano,Ticino,63185
Biel/Bienne,Bern,54456
Thun,Bern,43743
Bellinzona,Ticino,43220
Koniz,Bern,41507
La Chaux-de-Fonds,Neuchatel,38965
Fribourg,Fribourg,38365
Schaffhausen,Schaffhausen,36587
Vernier,Geneve,35132
Chur,Graubunden,35038
Sion,Valais,34708
Uster,Zurich,34442
Neuchatel,Neuchatel,33475
Landecy,Geneve,31942
Zug,Zug,30542
Yverdon-les-Bains,Vaud,30157
Emmen,Luzern,29292
Dubendorf,Zurich,28002
Kriens,Luzern,26997
Rapperswil-Jona,Sankt Gallen,26989
Dietikon,Zurich,26936
Montreux,Vaud,25984
Wetzikon,Zurich,24452
Baar,Zug,24322
Meyrin,Geneve,24144
Wil,Sankt Gallen,23768
Bulle,Fribourg,22709
Horgen,Zurich,22662
Carouge,Geneve,22336
Frauenfeld,Thurgau,21979
Kreuzlingen,Thurgau,21801
Wadenswil,Zurich,21716
Riehen,Basel-Stadt,21448
Aarau,Aargau,21268
Allschwil,Basel-Landschaft,21150
Renens,Vaud,20927
Wettingen,Aargau,20721
Nyon,Vaud,20272
Bulach,Zurich,20046
Vevey,Vaud,19891
Opfikon,Zurich,19864
Kloten,Zurich,19362
Reinach,Basel-Landschaft,19144
Baden,Aargau,19122
Onex,Geneve,18977
Adliswil,Zurich,18731
Schlieren,Zurich,18666
Volketswil,Zurich,18615
Pully,Vaud,18313
Regensdorf,Zurich,18253
Gossau,Sankt Gallen,18171
Muttenz,Basel-Landschaft,17805
Thalwil,Zurich,17784
Monthey,Valais,17563
Ostermundigen,Bern,17546
Littau,Luzern,17224
Grenchen,Solothurn,17140
Olten,Solothurn,17133
Sierre,Valais,16860
Solothurn,Solothurn,16777
Pratteln,Basel-Landschaft,16621
Burgdorf,Bern,16280
Freienbach,Schwyz,16269
Wohlen,Aargau,16078
Locarno,Ticino,16012
Wallisellen,Zurich,15855
Morges,Vaud,15838
Steffisburg,Bern,15816
Herisau,Appenzell Ausserrhoden,15780
Langenthal,Bern,15639
Binningen,Basel-Landschaft,15580
Einsiedeln,Schwyz,15550
Lyss,Bern,15279
Mendrisio,Ticino,14942
Arbon,Thurgau,14537
Liestal,Basel-Landschaft,14390
Stafa,Zurich,14389
Kusnacht,Zurich,14250
Horw,Luzern,14243
Schwyz,Schwyz,14177
Thonex,Geneve,14122
Meilen,Zurich,13999
Oftringen,Aargau,13791
Amriswil,Thurgau,13534
Versoix,Geneve,13422
Richterswil,Zurich,13407
Rheinfelden,Aargau,13337
Brig-Glis,Valais,13109
Gland,Vaud,13106
Kussnacht,Schwyz,13084
Muri,Bern,13058
Zollikon,Zurich,13008
Ecublens,Vaud,12854
Spiez,Bern,12810
Delemont,Jura,12682
Buchs,Sankt Gallen,12612
Prilly,Vaud,12399
Chene-Bougeries,Geneve,12215
Le Grand-Saconnex,Geneve,12162
Ruti,Zurich,12098
Munchenstein,Basel-Landschaft,12096
Villars-sur-Glane,Fribourg,12092
Affoltern am Albis,Zurich,12080
Arth,Schwyz,11983
La Tour-de-Peilz,Vaud,11829
Pfaffikon,Zurich,11817
Spreitenbach,Aargau,11788
Altstatten,Sankt Gallen,11730
Zofingen,Aargau,11655
Veyrier,Geneve,11609
Bassersdorf,Zurich,11593
Weinfelden,Thurgau,11534
Belp,Bern,11439
Worb,Bern,11311
Hinwil,Zurich,11179
Romanshorn,Thurgau,11167
Oberwil,Basel-Landschaft,11136
Brugg,Aargau,11129
Mohlin,Aargau,11042
Mannedorf,Zurich,10957
Davos,Graubunden,10862
Plan-les-Ouates,Geneve,10656
Waltikon,Zurich,10600
Lenzburg,Aargau,10569
Flawil,Sankt Gallen,10520
Neuhausen am Rheinfall,Schaffhausen,10510
Le Locle,Neuchatel,10433
Suhr,Aargau,10424
Sarnen,Obwalden,10368
Aesch,Basel-Landschaft,10352
Birsfelden,Basel-Landschaft,10299
Lutry,Vaud,10289
Bernex,Geneve,10233
Maur,Zurich,10148
Aigle,Valais,10131
Naters,Valais,10073
Steinhaus,Luzern,10025
Therwil,Basel-Landschaft,9947
Payerne,Vaud,9943
Gossau,Zurich,9937
Sursee,Luzern,9900
Hochdorf,Luzern,9832
Urdorf,Zurich,9768
Wald,Zurich,9758
Estavayer-le-Lac,Fribourg,9712
Wittenbach,Sankt Gallen,9691
Widnau,Sankt Gallen,9616
Epalinges,Vaud,9611
Rorschach,Sankt Gallen,9439
Embrach,Zurich,9419
Altdorf,Uri,9401
Langnau,Bern,9366
Goldach,Sankt Gallen,9269
Schubelbach,Schwyz,9249
Arlesheim,Basel-Landschaft,9202
Niederhasli,Zurich,9188
Rothrist,Aargau,9121
Aadorf,Thurgau,9036
Ingenbohl,Schwyz,8912
Oberriet,Sankt Gallen,8878
Zuchwil,Solothurn,8875
Unterageri,Zug,8867
Landquart,Graubunden,8849
Neuenhof,Aargau,8824
Hunenberg,Zug,8807
Fully,Valais,8759
Lachen,Schwyz,8754
Wattwil,Sankt Gallen,8736
Bussy,Vaud,8736
Conthey,Valais,8691
Mels,Sankt Gallen,8620
Egg,Zurich,8596
Hombrechtikon,Zurich,8595
Fallanden,Zurich,8575
Biberist,Solothurn,8567
Obersiggenthal,Aargau,8565
Le Mont-sur-Lausanne,Vaud,8523
Reinach,Aargau,8498
Kilchberg,Zurich,8437
Stans,Nidwalden,8393
Oberentfelden,Aargau,8360
Murten,Fribourg,8222
Bagnes,Valais,8096
Aarburg,Aargau,8068
Domat/Ems,Graubunden,8037
Chiasso,Ticino,7975
Buchs,Aargau,7966
Dudingen,Fribourg,7961
Crissier,Vaud,7930
Rumlang,Zurich,7929
Visp,Valais,7891
Muri,Aargau,7810
Au,Sankt Gallen,7788
Willisau,Luzern,7780
Bex,Vaud,7771
Sirnach,Thurgau,7767
Bremgarten,Aargau,7765
Granichen,Aargau,7733
Chavannes-pres-Renens,Vaud,7724
Saviese,Valais,7712
Dietlikon,Zurich,7685
Windisch,Aargau,7654
Rothenburg,Luzern,7571
Durnten,Zurich,7518
Langnau am Albis,Zurich,7500
Ollon,Vaud,7497
Hirslen,Zurich,7465
Moutier,Bern,7378
Villmergen,Aargau,7324
Minusio,Ticino,7303
Seuzach,Zurich,7291
Rorschacherberg,Sankt Gallen,7285
Wollerau,Schwyz,7255
Untersiggenthal,Aargau,7240
Meggen,Luzern,7238
Herzogenbuchsee,Bern,7197
Bubikon,Zurich,7194
Reiden,Luzern,7131
Altendorf,Schwyz,7081
Grabs,Sankt Gallen,7068
Orbe,Vaud,6987
Chatel-Saint-Denis,Fribourg,6969
Oberglatt,Zurich,6964
Frutigen,Bern,6921
Ruswil,Luzern,6856
Schwarzenburg,Bern,6829
Heimberg,Bern,6827
Saanen,Bern,6817
Nidau,Bern,6815
Dornach,Solothurn,6778
Losone,Ticino,6701
Bottmingen,Basel-Landschaft,6691
Sissach,Basel-Landschaft,6681
Porrentruy,Jura,6675
Beromunster,Luzern,6580
Thal,Sankt Gallen,6570
Oberengstringen,Zurich,6569
Trimbach,Solothurn,6543
Wiesendangen,Zurich,6521
Derendingen,Solothurn,6483
Wurenlos,Aargau,6482
Diepoldsau,Sankt Gallen,6469
Frenkendorf,Basel-Landschaft,6435
Uznach,Sankt Gallen,6416
Oberuzwil,Sankt Gallen,6412
Birmensdorf,Zurich,6385
Fehraltorf,Zurich,6378
Vetroz,Valais,6372
Kerns,Obwalden,6337
Menziken,Aargau,6330
Buchs,Zurich,6303
Herrliberg,Zurich,6290
Oensingen,Solothurn,6284
Teufen,Appenzell Ausserrhoden,6265
Bolligen,Bern,6262
Rolle,Vaud,6259
Massagno,Ticino,6227
Gelterkinden,Basel-Landschaft,6200
Kuttigen,Aargau,6180
Blonay,Vaud,6173
Boudry,Neuchatel,6152
Uetikon am See,Zurich,6145
Moudon,Vaud,6135
Balsthal,Solothurn,6117
Buchrain,Luzern,6116
Biasca,Ticino,6115
Obererli,Schwyz,6080
Alpnach,Obwalden,6031
Bischofszell,Thurgau,6016
Glarus,Glarus,5996
Kirchberg,Bern,5965
Dielsdorf,Zurich,5940
Zell,Zurich,5929
Saxon,Valais,5897
Uetendorf,Bern,5892
Sankt Margrethen,Appenzell Ausserrhoden,5886
Ruschlikon,Zurich,5830
Peseux,Neuchatel,5809
Hergiswil,Nidwalden,5777
Villeneuve,Vaud,5767
Unterseen,Bern,5750
Jegenstorf,Bern,5742
Echallens,Vaud,5740
Neftenbach,Zurich,5692
Saint-Prex,Vaud,5679
Walenstadt,Sankt Gallen,5679
Appenzell,Appenzell Innerrhoden,5649
Zermatt,Valais,5643
Mellingen,Aargau,5633
Lindau,Zurich,5621
Interlaken,Bern,5592
Sennwald,Sankt Gallen,5592
Nurensdorf,Zurich,5591
Kaiseraugst,Aargau,5576
Cologny,Geneve,5570
Erlenbach,Zurich,5567
Frick,Aargau,5563
Laufen,Basel-Landschaft,5556
Colombier,Neuchatel,5547
Fislisbach,Aargau,5544
Bonstetten,Zurich,5543
Ascona,Ticino,5534
Dagmersellen,Luzern,5503
Rupperswil,Aargau,5486
Thayngen,Schaffhausen,5453
Courtepin,Fribourg,5451
Schattdorf,Uri,5418
Gebenstorf,Aargau,5414
Adligenswil,Luzern,5391
Munchwilen,Thurgau,5377
Greifensee,Zurich,5345
Obfelden,Zurich,5340
Buochs,Nidwalden,5312
Vechigen,Bern,5298
Seon,Aargau,5288
Preverenges,Vaud,5287
Konolfingen Dorf,Bern,5282
Romont,Fribourg,5276
Feusisberg,Schwyz,5262
Lengnau,Bern,5254
Bellach,Solothurn,5214
Lausen,Basel-Landschaft,5209
Gerlafingen,Solothurn,5202
Hitzkirch,Luzern,5201
Glattfelden,Zurich,5189
Saint Legier-La Chiesaz,Vaud,5184
Eglisau,Zurich,5170
Gommiswald,Sankt Gallen,5164
Ettingen,Basel-Landschaft,5156
Sachseln,Obwalden,5146
Hagendorf,Solothurn,5137
Zumikon,Zurich,5120
Fraubrunnen,Bern,5106
Sevelen,Sankt Gallen,5103
Schwerzenbach,Zurich,5088
Oberrieden,Zurich,5083
Wangen bei Olten,Solothurn,5056
Wangen,Schwyz,5053
Dulliken,Solothurn,5048
Sumiswald,Bern,5046
Root,Luzern,5040
Ebnat-Kappel,Sankt Gallen,5031
Baretswil,Zurich,5026
Chavornay,Vaud,5000
Saint Moritz,Graubunden,4994
Bauma,Zurich,4925
Geroldswil,Zurich,4918
Niederglatt,Zurich,4917
Schonenwerd,Solothurn,4910
Bettlach,Solothurn,4910
Elgg,Zurich,4903
Strengelbach,Aargau,4893
Mettmenstetten,Zurich,4865
Sainte-Croix,Vaud,4863
Flums,Sankt Gallen,4856
Kaltbrunn,Sankt Gallen,4839
Huttwil,Bern,4836
Sigriswil,Bern,4832
Ehrendingen,Aargau,4823
Ennetburgen,Nidwalden,4801
Balgach,Sankt Gallen,4797
Zuzwil,Sankt Gallen,4785
Niederlenz,Aargau,4776
Berikon,Aargau,4776
Weiningen,Zurich,4760
Oetwil am See,Zurich,4754
Turbenthal,Zurich,4748
Cortaillod,Neuchatel,4729
Wangi,Thurgau,4720
Niederbipp,Bern,4715
Egnach,Thurgau,4711
Oberkirch,Luzern,4707
Wurenlingen,Aargau,4701
Gordola,Ticino,4697
Troistorrents,Valais,4683
Saint-Sulpice,Vaud,4668
Triengen,Luzern,4652
Le Landeron,Neuchatel,4645
Beringen,Schaffhausen,4643
Tagerwilen,Thurgau,4642
Aarberg,Bern,4629
Confignon,Geneve,4627
Meiringen,Bern,4621
Stabio,Ticino,4591
Scuol,Graubunden,4591
Le Chenit,Vaud,4586
Stansstad,Nidwalden,4576
Morbio Inferiore,Ticino,4575
Saint-Maurice,Valais,4571
Tramelan,Bern,4564
Menzingen,Zug,4540
Monte Ceneri,Ticino,4521
Bronschhofen,Sankt Gallen,4515
Aarwangen,Bern,4514
Winkel,Zurich,4511
Fullinsdorf,Basel-Landschaft,4484
Zufikon,Aargau,4479
Kolliken,Aargau,4476
Rafz,Zurich,4462
Oberburen,Sankt Gallen,4447
Agno,Ticino,4445
Klosters Platz,Graubunden,4437
Schotz,Luzern,4434
Schoftland,Aargau,4393
Bubendorf,Basel-Landschaft,4389
Brugg,Bern,4388
Rebstein,Sankt Gallen,4387
Speicher,Appenzell Ausserrhoden,4379
Eschlikon,Thurgau,4372
Weggis,Luzern,4368
Gachnang,Thurgau,4364
Caslano,Ticino,4356
Russikon,Zurich,4355
Birr,Aargau,4354
Cheseaux-sur-Lausanne,Vaud,4342
Wolhusen,Luzern,4340
Utzenstorf,Bern,4331
Kehrsatz,Bern,4302
Wichtrach,Bern,4294
Avenches,Vaud,4292
Sins,Aargau,4259
Bad Zurzach,Aargau,4242
Uitikon,Zurich,4239
Schupfheim,Luzern,4219
Lucens,Vaud,4200
Lens,Valais,4198
Vouvry,Valais,4198
Satigny,Geneve,4185
Engelberg,Obwalden,4181
Sempach,Luzern,4169
Gross Hochstetten,Bern,4165
Heiden,Appenzell Ausserrhoden,4161
Unterentfelden,Aargau,4155
Lutzelfluh,Bern,4146
Paradiso,Ticino,4144
Degersheim,Sankt Gallen,4129
Niederrohrdorf,Aargau,4105
Matten,Bern,4101
Dallikon,Zurich,4100
Roggwil,Bern,4079
Oberrohrdorf,Aargau,4072
Ayent,Valais,4059
Dottingen,Aargau,4057
Hilterfingen,Bern,4044
Prangins,Vaud,4038
Leysin,Vaud,4032
Hunzenschwil,Aargau,4014
Diessenhofen,Thurgau,3998
Seengen,Aargau,3994
Burglen,Uri,3976
Berneck,Sankt Gallen,3963
Brittnau,Aargau,3954
Bottstein,Aargau,3952
Lostorf,Solothurn,3952
Leuk,Valais,3948
Magden,Aargau,3915
Chamoson,Valais,3897
Dottikon,Aargau,3881
Muhen,Aargau,3877
Sulgen,Thurgau,3869
Niedergosgen,Solothurn,3865
Nottwil,Luzern,3857
Breitenbach,Solothurn,3854
Pfungen,Zurich,3845
Safenwil,Aargau,3842
Burglen,Thurgau,3841
Vallorbe,Vaud,3837
Schanis,Sankt Gallen,3818
Unterengstringen,Zurich,3804
Grindelwald,Bern,3801
Bevaix,Neuchatel,3784
Langendorf,Solothurn,3781
Founex,Vaud,3774
Jonschwil,Sankt Gallen,3773
Steckborn,Thurgau,3753
Reichenburg,Schwyz,3751
Erlen,Thurgau,3749
La Neuveville,Bern,3738
Hedingen,Zurich,3734
Schupfen,Bern,3732
Belmont-sur-Lausanne,Vaud,3721
Monchaltorf,Zurich,3715
Schmerikon,Sankt Gallen,3709
Widen,Aargau,3698
Port,Bern,3695
Stallikon,Zurich,3687
Egerkingen,Solothurn,3683
Beckenried,Nidwalden,3672
Walchwil,Zug,3663
Elsau,Zurich,3660
Giswil,Obwalden,3657
Ruti,Appenzell Innerrhoden,3648
Hausen am Albis,Zurich,3646
Feuerthalen,Zurich,3636
Hausen,Aargau,3633
Tavannes,Bern,3626
Laufenburg,Aargau,3626
Reichenbach im Kandertal,Bern,3616
Hittnau,Zurich,3613
Stein,Sankt Gallen,3604
Plaffeien,Fribourg,3594
Eschenbach,Luzern,3589
Morschwil,Sankt Gallen,3585
Buren an der Aare,Bern,3580
Ins,Bern,3564
Erlinsbach,Aargau,3556
Merenschwand,Aargau,3549
Chalais,Valais,3524
Attalens,Fribourg,3521
Poschiavo,Graubunden,3516
Waldkirch,Sankt Gallen,3500
Ennetbaden,Aargau,3498
Klingnau,Aargau,3480
Luterbach,Solothurn,3479
Gams,Sankt Gallen,3471
Steinmaur,Zurich,3460
Ermatingen,Thurgau,3455
Selzach,Solothurn,3453
Munsterlingen,Thurgau,3448
Grimisuat,Valais,3445
Zizers,Graubunden,3434
Yvonand,Vaud,3427
Rheineck,Sankt Gallen,3419
Steinen,Schwyz,3417
Berg,Thurgau,3410
Bosingen,Fribourg,3408
Vacallo,Ticino,3398
Thunstetten,Bern,3395
Corsier-sur-Vevey,Vaud,3390
Stein am Rhein,Schaffhausen,3376
Adelboden,Bern,3371
Rickenbach,Luzern,3364
Gruningen,Zurich,3361
Grandson,Vaud,3357
Savigny,Vaud,3357
Staufen,Aargau,3336
Bonaduz,Graubunden,3330
Entlebuch,Luzern,3315
Courroux,Jura,3314
Romanel-sur-Lausanne,Vaud,3309
Tuggen,Schwyz,3309
Trimmis,Graubunden,3304
Weisslingen,Zurich,3301
Bellevue,Geneve,3299
Buttisholz,Luzern,3294
Penthalaz,Vaud,3283
Belfaux,Fribourg,3281
Madiswil,Bern,3277
Beinwil am See,Aargau,3276
Balerna,Ticino,3269
Ruegsbach,Bern,3258
Batterkinden,Bern,3251
Aubonne,Vaud,3241
Grosswangen,Luzern,3241
Kappel,Solothurn,3237
Thusis,Graubunden,3217
Ardon,Valais,3212
Saint-Blaise,Neuchatel,3211
Leytron,Valais,3204
Subingen,Solothurn,3201
Stein,Aargau,3198
Ursy,Fribourg,3198
Arosa,Graubunden,3185
Orsieres,Valais,3183
Kirchlindach,Bern,3158
Hofstetten,Sankt Gallen,3157
Le Mouret,Fribourg,3153
Coppet,Vaud,3152
Niederhelfenschwil,Sankt Gallen,3149
Hettlingen,Zurich,3147
Neerach,Zurich,3140
Laupen,Fribourg,3138
Oberdorf,Nidwalden,3121
Seedorf,Bern,3114
Stettlen,Bern,3113
Lupfig,Aargau,3113
Brienz,Bern,3090
Torricella,Ticino,3087
Unterkulm,Aargau,3086
Gais,Appenzell Ausserrhoden,3086
Roggwil,Thurgau,3068
Echichens,Vaud,3059
Benken,Sankt Gallen,3025
Niederweningen,Zurich,3024
Zweisimmen,Bern,3020
Grossaffoltern,Bern,3017
Turgi,Aargau,3014
Schafisheim,Aargau,2997
Courrendlin,Jura,2995
Birmenstorf,Aargau,2992
Mullheim,Thurgau,2991
Muhleberg,Bern,2985
Murgenthal,Aargau,2984
Meisterschwanden,Aargau,2960
Chardonne,Vaud,2944
Geuensee,Luzern,2940
Coldrerio,Ticino,2939
Schenkon,Luzern,2939
Quarten,Sankt Gallen,2937
Wattenwil,Bern,2935
Oberburg,Bern,2934
Waltenschwil,Aargau,2933
Cadenazzo,Ticino,2932
Samedan,Graubunden,2924
Matzingen,Thurgau,2917
Faido,Ticino,2903
Sarmenstorf,Aargau,2902
Etoy,Vaud,2898
Marstetten,Thurgau,2898
Othmarsingen,Aargau,2897
Mosnang,Sankt Gallen,2881
Menznau,Luzern,2879
Puidoux,Vaud,2878
Commugny,Vaud,2874
Tauffelen,Bern,2872
Daniken,Solothurn,2851
Rorbas,Zurich,2837
Boswil,Aargau,2837
Flims,Graubunden,2834
Otelfingen,Zurich,2831
Niederwil,Aargau,2830
Bergdietikon,Aargau,2828
Ennenda,Glarus,2808
Orpund,Bern,2799
Fischingen,Thurgau,2791
Ballwil,Luzern,2786
Gretzenbach,Solothurn,2783
Genthod,Geneve,2782
Riaz,Fribourg,2780
Rickenbach bei Wil,Thurgau,2774
Rain,Luzern,2770
Horn,Thurgau,2752
Ettiswil,Luzern,2747
Lengnau,Aargau,2740
Cugy,Vaud,2737
Lauterbrunnen,Bern,2732
Vionnaz,Valais,2727
Hori,Zurich,2721
Oberkulm,Aargau,2718
Corminboeuf,Fribourg,2695
Muralto,Ticino,2683
Montanaire,Vaud,2683
Schiers,Graubunden,2679
Pfaffnau,Luzern,2678
Evilard,Bern,2674
Kaisten,Aargau,2670
Signau,Bern,2659
Rickenbach,Zurich,2655
Wilderswil,Bern,2655
Mont-sur-Rolle,Vaud,2654
Broc,Fribourg,2651
Riva San Vitale,Ticino,2646
Lenzerheide,Graubunden,2641
Nebikon,Luzern,2635
Bioggio,Ticino,2626
Hauterive,Neuchatel,2623
Felsberg,Graubunden,2622
Saillon,Valais,2618
Rapperswil,Bern,2617
Lauperswil,Bern,2615
Courtetelle,Jura,2610
Saignelegier,Jura,2608
La Sarraz,Vaud,2595
Lonay,Vaud,2592
Maggia,Ticino,2592
Buchegg,Solothurn,2580
Froideville,Vaud,2579
Saint-Cergue,Vaud,2575
Endingen,Aargau,2574
Neyruz,Fribourg,2566
Lotzwil,Bern,2565
Ringgenberg,Bern,2561
Zunzgen,Basel-Landschaft,2560
Inwil,Luzern,2557
Ottenbach,Zurich,2556
Riggisberg,Bern,2553
Affeltrangen,Thurgau,2551
Kemmen,Thurgau,2545
Buron,Luzern,2540
Wimmis,Bern,2538
Bonigen,Bern,2535
Holstein,Basel-Landschaft,2528
Roveredo,Graubunden,2520
Wilen,Sankt Gallen,2520
Untervaz,Graubunden,2517
Toffen,Bern,2509
Fischenthal,Zurich,2504
Troinex,Geneve,2501
Corcelles-pres-Payerne,Vaud,2480
Hohenrain,Luzern,2474
Puplinge,Geneve,2465
Oetwil an der Limmat,Zurich,2464
Meikirch,Bern,2461
Wigoltingen,Thurgau,2457
Saint-Leonard,Valais,2442
Eggiwil,Bern,2438
Oberdorf,Basel-Landschaft,2434
Thierachern,Bern,2428
Hagglingen,Aargau,2422
Grone,Valais,2414
Rothenthurm,Schwyz,2412
Vuadens,Fribourg,2405
Anieres,Geneve,2402
Zwingen,Basel-Landschaft,2399
Saint-Aubin-Sauges,Neuchatel,2399
Ruthi,Sankt Gallen,2399
Unteriberg,Schwyz,2395
Ruderswil,Bern,2383
Novazzano,Ticino,2380
Malans,Graubunden,2378
Wiedlisbach,Bern,2377
Freienstein,Zurich,2376
Ueberstorf,Fribourg,2375
Lufingen,Zurich,2373
Krauchthal,Bern,2365
Pfeffingen,Basel-Landschaft,2336
Hildisrieden,Luzern,2333
Gersau,Schwyz,2332
Courgenay,Jura,2329
Vuisternens-devant-Romont,Fribourg,2324
Reconvilier,Bern,2317
Urnasch,Appenzell Ausserrhoden,2315
Martigny-Combe,Valais,2314
Wangen an der Aare,Bern,2311
Riedholz,Solothurn,2310
Zeiningen,Aargau,2310
Knonau,Zurich,2301
Bardonnex,Geneve,2299
Busserach,Solothurn,2296
Oberbuchsiten,Solothurn,2296
Eiken,Aargau,2289
Neunkirch,Schaffhausen,2289
Worben,Bern,2286
Corseaux,Vaud,2282
Udligenswil,Luzern,2280
Wolfwil,Solothurn,2272
Stadel bei Niederglatt,Zurich,2271
Henggart,Zurich,2256
Neuheim,Zug,2255
Schinznach Dorf,Aargau,2255
Canobbio,Ticino,2249
Diemtigen,Bern,2248
Wauwil,Luzern,2247
Sankt Niklaus,Valais,2239
Chexbres,Vaud,2238
Gimel,Vaud,2238
Siviriez,Fribourg,2238
Neuendorf,Solothurn,2236
Knutwil,Luzern,2229
Dintikon,Aargau,2228
Bottighofen,Thurgau,2226
Cazis,Graubunden,2223
Hallau,Schaffhausen,2220
Ormalingen,Basel-Landschaft,2215
Savosa,Ticino,2213
Altnau,Thurgau,2208
Deitingen,Solothurn,2207
Obergosgen,Solothurn,2203
Stetten,Aargau,2201
Andelfingen,Zurich,2201
Gruyeres,Fribourg,2199
Ennetmoos,Nidwalden,2193
Gontenschwil,Aargau,2171
Leuggern,Aargau,2169
Pontresina,Graubunden,2162
Castel San Pietro,Ticino,2159
Aegerten,Bern,2158
Itingen,Basel-Landschaft,2157
Auw,Aargau,2157
Seftigen,Bern,2143
Fahrwangen,Aargau,2136
Meinier,Geneve,2131
Villigen,Aargau,2126
Werthenstein,Luzern,2121
Lungern,Obwalden,2119
Magenwil,Appenzell Ausserrhoden,2110
Corsier,Geneve,2108
Jonen,Aargau,2108
Marbach,Sankt Gallen,2105
Wolfenschiessen,Nidwalden,2097
Koppigen,Bern,2095
Mies,Vaud,2078
Forel,Vaud,2078
Kleinandelfingen,Zurich,2077
Sankt Antoni,Fribourg,2076
Grusch,Graubunden,2076
Killwangen,Aargau,2074
Ersigen,Bern,2066
Wynigen,Bern,2060
Oberlunkhofen,Aargau,2037
Zell,Luzern,2037
Comano,Ticino,2035
Alterswil,Fribourg,2028
Gorgier,Neuchatel,2021
Volleges,Valais,2018
Brutten,Zurich,2016
Pfyn,Thurgau,2016
Andwil,Sankt Gallen,2014
Recherswil,Solothurn,2009
Remetschwil,Aargau,1991
Silenen,Uri,1991
Aeugst am Albis,Zurich,1982
Flueln,Uri,1972
Walzenhausen,Appenzell Ausserrhoden,1971
Wila,Zurich,1971
Barbengo,Ticino,1970
Fluhli,Luzern,1961
Vordemwald,Aargau,1954
Begnins,Vaud,1950
Marthalen,Zurich,1949
Churwalden,Graubunden,1949
Servion,Vaud,1944
Raron,Valais,1944
Sattel,Schwyz,1938
Genolier,Vaud,1937
Tolochenaz,Vaud,1932
Dachsen,Zurich,1931
Hochfelden,Zurich,1927
Avry-sur-Matran,Fribourg,1921
Grolley,Fribourg,1920
Winznau,Solothurn,1919
Kallnach,Bern,1918
Oberegg,Appenzell Innerrhoden,1916
Vezia,Ticino,1914
Marsens,Fribourg,1909
Ponte Capriasca,Ticino,1904
Malleray,Bern,1903
Cressier,Neuchatel,1886
Vernayaz,Valais,1885
Nunningen,Solothurn,1880
Lichtensteig,Sankt Gallen,1870
Danikon,Zurich,1869
Waldstatt,Appenzell Ausserrhoden,1869
Dardagny,Geneve,1864
Roschenz,Basel-Landschaft,1863
Seedorf,Uri,1858
Uttwil,Thurgau,1857
Laax,Graubunden,1857
Charrat,Valais,1849
Alle,Jura,1849
Le Noirmont,Jura,1847
Grellingen,Basel-Landschaft,1845
Dallenwil,Nidwalden,1845
Kirchdorf,Bern,1844
Schonenberg,Zurich,1844
Arni,Aargau,1843
Wolfhalden,Appenzell Ausserrhoden,1837
Veyras,Valais,1833
Pont-en-Ogoz,Fribourg,1824
Laupersdorf,Solothurn,1813
Biglen,Bern,1811
Vex,Valais,1811
Acquarossa,Ticino,1808
Kestenholz,Solothurn,1805
Melide,Ticino,1802
Saint-Aubin,Fribourg,1801
Buhler,Appenzell Ausserrhoden,1798
Oberweningen,Zurich,1797
Niederdorf,Basel-Landschaft,1795
Rueggisberg,Bern,1791
Massongex,Valais,1785
Amden,Sankt Gallen,1782
Fulenbach,Solothurn,1776
Sorengo,Ticino,1774
Brissago,Ticino,1773
Romerswil,Luzern,1769
Oberbipp,Bern,1767
Walkringen,Bern,1767
Avully,Geneve,1756
Cugy,Fribourg,1752
Weiach,Zurich,1750
Penthaz,Vaud,1749
Kunten,Aargau,1749
Rehetobel,Appenzell Ausserrhoden,1747
Erlenbach im Simmental,Bern,1744
Eschenz,Thurgau,1743
Hasle,Luzern,1743
Lamone,Ticino,1741
Wilchingen,Schaffhausen,1737
Trogen,Appenzell Ausserrhoden,1735
Lengwil,Thurgau,1734
Huttwilen,Thurgau,1729
Attinghausen,Uri,1725
Weesen,Sankt Gallen,1723
Oberdorf,Solothurn,1723
Starrkirch,Solothurn,1714
La Roche,Fribourg,1711
Schwarzenberg,Luzern,1709
Corgemont,Bern,1706
Wagenhausen,Thurgau,1694
Bellmund,Bern,1689
Chancy,Geneve,1686
Fontenais,Jura,1685
Evolene,Valais,1684
Schleitheim,Schaffhausen,1681
Teufenthal,Aargau,1672
Niederonz,Bern,1670
Langwiesen,Zurich,1669
Ruschegg,Bern,1661
Koblenz,Aargau,1656
Diegten,Basel-Landschaft,1656
Gunzgen,Solothurn,1652
Brislach,Basel-Landschaft,1652
Roche,Vaud,1647
Harkingen,Solothurn,1644
Arisdorf,Basel-Landschaft,1638
Giffers,Fribourg,1634
Villnachern,Aargau,1632
Cudrefin,Vaud,1632
Wynau,Bern,1629
Eich,Luzern,1626
Magliaso,Ticino,1620
Chippis,Valais,1617
Sisseln,Aargau,1616
Denges,Vaud,1611
Eysins,Vaud,1608
Saas-Fee,Valais,1597
Zaziwil,Bern,1595
Arch,Bern,1592
Guttingen,Thurgau,1591
Hirschthal,Aargau,1590
Biere,Vaud,1590
Ziefen,Basel-Landschaft,1589
Berg,Aargau,1589
Reigoldswil,Basel-Landschaft,1582
Luzein,Graubunden,1582
Auenstein,Aargau,1581
Heimiswil,Bern,1580
Porza,Ticino,1579
Altishofen,Luzern,1577
Lutisburg,Sankt Gallen,1576
Tannay,Vaud,1574
Schwellbrunn,Appenzell Ausserrhoden,1573
Biberstein,Aargau,1571
Ossingen,Zurich,1566
Wohlenschwil,Aargau,1565
Pfafers,Sankt Gallen,1564
Cornaux,Neuchatel,1563
Bellikon,Aargau,1562
Seeberg,Bern,1560
Auvernier,Neuchatel,1559
Bedano,Ticino,1551
Dinhard,Zurich,1551
Salgesch,Valais,1547
Herznach,Aargau,1545
Homburg,Thurgau,1543
Duggingen,Basel-Landschaft,1541
Perroy,Vaud,1536
Lommiswil,Solothurn,1535
Jongny,Vaud,1534
Oberruti,Aargau,1534
Cadempino,Ticino,1530
Wikon,Luzern,1528
Airolo,Ticino,1527
Zernez,Graubunden,1527
Les Breuleux,Jura,1526
Rue,Fribourg,1526
Buchholterberg,Bern,1526
Eichberg,Sankt Gallen,1524
Matran,Fribourg,1521
Melchnau,Bern,1517
Niederburen,Sankt Gallen,1514
Lumino,Ticino,1513
Tagerig,Aargau,1511
Cottens,Fribourg,1509
Guggisberg,Bern,1508
Bossonnens,Fribourg,1505
Paudex,Vaud,1504
Attiswil,Bern,1504
Aristau,Aargau,1498
Rhazuns,Graubunden,1496
Rohrbach,Bern,1480
Messen,Solothurn,1480
Les Montets,Fribourg,1474
Lohningen,Schaffhausen,1472
Treyvaux,Fribourg,1470
Ramsen,Schaffhausen,1469
Apples,Vaud,1468
Mumpf,Aargau,1467
Veltheim,Aargau,1465
Wahlen,Basel-Landschaft,1462
Schneisingen,Aargau,1462
Ruttenen,Solothurn,1462
Tubach,Sankt Gallen,1461
Meierskappel,Luzern,1460
Mauensee,Luzern,1458
Origlio,Ticino,1457
Salmsach,Thurgau,1457
Dotzigen,Bern,1457
Egliswil,Aargau,1456
Gonten,Appenzell Innerrhoden,1455
Holziken,Aargau,1454
Riniken,Aargau,1452
Lyssach,Bern,1446
Melano,Ticino,1439
Witterswil,Solothurn,1438
Flurlingen,Zurich,1437
Thundorf,Thurgau,1437
Courtelary,Bern,1437
Lupsingen,Basel-Landschaft,1436
Yens,Vaud,1430
Emmetten,Nidwalden,1429
Trin,Graubunden,1429
Boniswil,Aargau,1427
Court,Bern,1427
Seegraben,Zurich,1426
Wil,Zurich,1425
Stein,Appenzell Ausserrhoden,1423
Courgevaux,Fribourg,1420
Kappelen,Bern,1419
Avusy,Geneve,1416
Unterlunkhofen,Aargau,1415
Semsales,Fribourg,1412
Munstschemier,Bern,1404
Heitenried,Fribourg,1403
Muhlethurnen,Bern,1402
Trelex,Vaud,1402
Schofflisdorf,Zurich,1398
Eriswil,Bern,1396
Salvan,Valais,1393
Heremence,Valais,1392
Andermatt,Uri,1390
Gisikon,Luzern,1387
Gravesano,Ticino,1386
Cureglia,Ticino,1385
Schonenbuch,Basel-Landschaft,1385
Erlach,Bern,1384
Vitznau,Luzern,1379
Grono,Graubunden,1376
Flaach,Zurich,1375
Leukerbad,Valais,1368
Boppelsen,Zurich,1365
Haggenschwil,Sankt Gallen,1364
Gryon,Vaud,1364
Thurnen,Basel-Landschaft,1363
Develier,Jura,1354
Stetten,Schaffhausen,1351
Trub,Bern,1350
Miege,Valais,1348
Schinznach Bad,Aargau,1347
Mesocco,Graubunden,1347
Sankt Ursen,Fribourg,1345
Visperterminen,Valais,1345
Le Paquier,Fribourg,1344
Bassins,Vaud,1344
Seewis im Pratigau,Graubunden,1342
Pura,Ticino,1341
Aesch,Zurich,1341
Sankt Stephan,Bern,1339
Dietwil,Aargau,1336
Champery,Valais,1336
Uerkheim,Aargau,1334
Matzendorf,Solothurn,1332
Baltschieder,Valais,1328
Leibstadt,Aargau,1325
Manno,Ticino,1324
Salenstein,Thurgau,1323
Gilly,Vaud,1322
Holderbank,Aargau,1320
Birwinken,Thurgau,1319
Tasch,Valais,1318
Le Vaud,Vaud,1310
Rodersdorf,Solothurn,1310
Hochwald,Solothurn,1310
Wittnau,Aargau,1309
Villaz-Saint-Pierre,Fribourg,1305
Zetzwil,Aargau,1305
Meinisberg,Bern,1303
Lavertezzo,Ticino,1302
Seltisberg,Basel-Landschaft,1301
Kandersteg,Bern,1301
Linden,Bern,1299
Vufflens-la-Ville,Vaud,1298
Rheinau,Zurich,1298
Bottens,Vaud,1297
Kriegstetten,Solothurn,1294
Laufelfingen,Basel-Landschaft,1291
Langrickenbach,Thurgau,1291
Chavannes-de-Bogis,Vaud,1285
Venthone,Valais,1283
Radelfingen,Bern,1283
Staffelbach,Aargau,1281
Arbaz,Valais,1280
Jussy,Geneve,1279
Luthern,Luzern,1275
Hendschiken,Aargau,1269
Evionnaz,Valais,1265
Boltigen,Bern,1262
Oberhelfenschwil,Sankt Gallen,1261
Kleinlutzel,Solothurn,1261
Ferenbalm,Bern,1260
Leuzigen,Bern,1259
Durrenasch,Aargau,1255
Grachen,Valais,1251
Les Ponts-de-Martel,Neuchatel,1248
Bettwiesen,Thurgau,1247
Blumenstein,Bern,1246
Reitnau,Aargau,1243
Les Bois,Jura,1241
Frauenkappelen,Bern,1240
Rochefort,Neuchatel,1239
Bercher,Vaud,1238
Sonvilier,Bern,1237
Buttwil,Aargau,1228
Boncourt,Jura,1225
Orvin,Bern,1222
Cheserex,Vaud,1221
Gingins,Vaud,1221
Tamins,Graubunden,1217
Gerzensee,Bern,1215
Lommis,Thurgau,1215
Bettingen,Basel-Stadt,1213
Eclepens,Vaud,1212
Villars-le-Terroir,Vaud,1212
Marbach,Luzern,1212
Aesch,Luzern,1205
Stettfurt,Thurgau,1204
Muolen,Sankt Gallen,1200
Oberstammheim,Zurich,1196
Beatenberg,Bern,1196
La Sonnaz,Fribourg,1190
Tegerfelden,Aargau,1190
La Verrerie,Fribourg,1188
Battwil,Solothurn,1186
Zuoz,Graubunden,1186
Aire-la-Ville,Geneve,1184
Ried bei Kerzers,Fribourg,1183
Choulex,Geneve,1179
Crassier,Vaud,1177
Obergerlafingen,Solothurn,1176
Niederbuchsiten,Solothurn,1175
Muhlau,Aargau,1175
Gunsberg,Solothurn,1174
Zeihen,Aargau,1171
Twann,Bern,1171
Gettnau,Luzern,1170
Trun,Graubunden,1170
Schmiedrued,Aargau,1168
Birrwil,Aargau,1166
La Rippe,Vaud,1166
La Roche,Jura,1162
Morschach,Schwyz,1159
Cevio,Ticino,1159
Sumvitg,Graubunden,1158
Jenaz,Graubunden,1146
Heimenhausen,Bern,1142
Lully,Fribourg,1141
Remaufens,Fribourg,1139
Wyssachen,Bern,1137
Schnottwil,Solothurn,1135
Remigen,Aargau,1135
Borex,Vaud,1133
Krattigen,Bern,1132
Liesberg,Basel-Landschaft,1127
Schlatterlehn,Appenzell Ausserrhoden,1126
Waldenburg,Basel-Landschaft,1125
Kappel am Albis,Zurich,1124
Leissigen,Bern,1123
Greppen,Luzern,1118
Noville,Vaud,1118
Etagnieres,Vaud,1115
Pampigny,Vaud,1114
Welschenrohr,Solothurn,1114
Brusio,Graubunden,1114
Wuppenau,Thurgau,1111
Silvaplauna,Graubunden,1111
Bunzen,Aargau,1110
Mulligen,Aargau,1109
Hagenbuch,Zurich,1105
Rechthalten,Fribourg,1103
Lauerz,Schwyz,1100
Sorens,Fribourg,1098
Affoltern im Emmental,Bern,1097
Rifferswil,Zurich,1096
Burgistein,Bern,1096
Ependes,Fribourg,1089
Stalden,Valais,1086
Duillier,Vaud,1080
Morrens,Vaud,1079
Herdern,Thurgau,1079
Assens,Vaud,1077
Obermumpf,Aargau,1074
Untereggen,Sankt Gallen,1073
Oberembrach,Zurich,1073
Gletterens,Fribourg,1070
Wegenstetten,Aargau,1066
Buus,Basel-Landschaft,1066
Yvorne,Vaud,1066
Ballaigues,Vaud,1064
Vaulruz,Fribourg,1063
Innertkirchen,Bern,1063
Hermance,Geneve,1062
Bariswil,Bern,1062
Durrenroth,Bern,1061
Fetigny,Fribourg,1060
Waldi,Thurgau,1059
Stusslingen,Solothurn,1055
Giebenach,Basel-Landschaft,1055
Trullikon,Zurich,1054
Eggenwil,Aargau,1053
Freienwil,Aargau,1053
Wolflinswil,Aargau,1048
Plasselb,Fribourg,1048
Mezieres,Fribourg,1045
Les Brenets,Neuchatel,1044
Schongau,Luzern,1044
Buren,Solothurn,1042
Sembrancher,Valais,1042
Sullens,Vaud,1036
Vich,Vaud,1035
Champagne,Vaud,1035
Gansingen,Aargau,1034
Haldenstein,Graubunden,1033
Saint George,Vaud,1032
Dorflingen,Schaffhausen,1028
Daillens,Vaud,1027
Baulmes,Vaud,1027
Givrins,Vaud,1026
Oeschgen,Aargau,1026
Quinto,Ticino,1026
Augst,Aargau,1024
Burg,Aargau,1023
Essertines-sur-Yverdon,Vaud,1023
Huntwangen,Zurich,1020
La Sagne,Neuchatel,1016
Vorderthal,Schwyz,1015
Rickenbach,Solothurn,1012
Dagerlen,Zurich,1012
Cornol,Jura,1010
Seewen,Solothurn,1010
Grub,Appenzell Ausserrhoden,1008
Vals,Graubunden,1007
Saint Martin,Fribourg,1005
Vuarrens,Vaud,1004
Cressier,Fribourg,1001
Morel-Filet,Valais,680